q_file_name,k_file_name,q_number,k_number,mated,q_model,k_model,q_size,k_size,q_foot,k_foot,partial_type,q_points_count,k_points_count,mean,std,0.1,0.25,0.5,0.75,0.9,kurtosis,centroid_distance,cluster_proprtion,iterations_q,iterations_k,wcv,q_pct,k_pct
001732L_20180418_2_2_2_csafe_jekruse.tiff,001732L_20180418_2_2_1_csafe_jekruse.tiff,1,1,True,Nike/Winflo 4,Nike/Winflo 4,10.5 M,10.5 M,L,L,toe,20693,20695,3.8698511080112055,8.36489428421718,0.7780352175363346,1.4505059068154933,2.5568984308920033,3.9184243587005487,5.524677832385244,105.56029071903602,42.905693287693786,0.007544090358055568,14,9,0.07424429150702064,0.6222394046295849,0.6328581783039382
001351R_20171031_2_1_2_csafe_bpbryson.tiff,001351R_20171031_2_1_1_csafe_bpbryson.tiff,1,1,True,Nike/Winflo 4,Nike/Winflo 4,10.5 M,10.5 M,R,R,toe,25449,26256,3.718149501180374,7.0084312986583015,0.6754020607016247,1.2066714476396243,2.305578782617608,3.73215941049226,5.917953436597844,111.50209564933417,30.361693712125764,0.012146009661470997,17,10,-0.03411092953580806,0.6570395693347479,0.6200868372943327
001732L_20180418_2_1_1_csafe_jekruse.tiff,001732L_20180418_2_1_2_csafe_jekruse.tiff,1,1,True,Nike/Winflo 4,Nike/Winflo 4,10.5 M,10.5 M,L,L,toe,23566,23491,8.008112585963515,13.495921400166717,0.9187687171011674,1.8846850328584657,3.905509046340155,8.336750401452573,18.339314659902527,31.80075793171391,49.27362208970041,0.009970782091908385,8,13,0.0195138600194418,0.4094033777476025,0.40658124388063516
