q_file_name,k_file_name,q_number,k_number,mated,q_model,k_model,q_size,k_size,q_foot,k_foot,partial_type,q_points_count,k_points_count,mean,std,0.1,0.25,0.5,0.75,0.9,kurtosis,centroid_distance,cluster_proprtion,iterations_q,iterations_k,wcv,q_pct,k_pct
001732L_20180418_2_2_2_csafe_jekruse.tiff,001732L_20180418_2_2_1_csafe_jekruse.tiff,1,1,True,Nike/Winflo 4,Nike/Winflo 4,10.5 M,10.5 M,L,L,full,43059,41044,3.2777501482101115,8.83435875762884,0.5310926341839426,0.959637918636636,1.690155678050775,2.8777072449617878,4.735468842646731,123.59529416775553,33.05657005714811,0.005294337607483466,15,6,0.019583758109091826,0.7809284934624585,0.8068901666504239
001351R_20171031_2_1_2_csafe_bpbryson.tiff,001351R_20171031_2_1_1_csafe_bpbryson.tiff,1,1,True,Nike/Winflo 4,Nike/Winflo 4,10.5 M,10.5 M,R,R,full,50309,51888,2.5862502715654743,5.483836744819205,0.4854509679560393,0.8344835082130373,1.451251848851821,2.5732548314960986,4.319954561328106,169.66431713685853,67.98748791723703,0.0060100939578074525,24,13,0.006847717240211026,0.8164741895088354,0.7941142460684552
001732L_20180418_2_1_1_csafe_jekruse.tiff,001732L_20180418_2_1_2_csafe_jekruse.tiff,1,1,True,Nike/Winflo 4,Nike/Winflo 4,10.5 M,10.5 M,L,L,full,46301,47816,4.044306129627425,11.62359663003661,0.6059333912300923,1.1009286504144258,2.057302829518345,3.501744814611705,5.582474615678468,86.63563001344616,48.739070556198115,0.007239176162011225,11,12,0.012636534498355898,0.697220362411179,0.6761753387987285
